;Date;Artiste;Titre;Audio
0;04/11/1984,06/01/1985;Peter et Sloane;Besoin de rien, envie de toi;https://p.scdn.co/mp3-preview/391b635047403beaec61ac63d502ae64ebd84f31?cid=4d3bffd173c84f21ab47981ba6cd15f8
1;30/12/1984,20/01/1985,17/02/1985,03/03/1985;Ray Parker, Jr.;Ghostbusters;https://p.scdn.co/mp3-preview/2682e5cf92bfa5c2dab2bc67bd13bafed3f9fed6?cid=4d3bffd173c84f21ab47981ba6cd15f8
2;03/02/1985,24/02/1985;Jermaine Jackson & Pia Zadora;When the Rain Begins to Fall;https://p.scdn.co/mp3-preview/3f876b890b5cee3eda33873a11a3dce4d98d4220?cid=4d3bffd173c84f21ab47981ba6cd15f8
3;31/03/1985[1],21/04/1985;Jeanne Mas;Johnny, Johnny;https://p.scdn.co/mp3-preview/2b2d40faab471be01a654c38ae92f853d5fb592d?cid=4d3bffd173c84f21ab47981ba6cd15f8
4;05/05/1985;USA for Africa;We Are the World;https://p.scdn.co/mp3-preview/2157889701d1e849f5ee7c5c2b58578d9a9652d4?cid=4d3bffd173c84f21ab47981ba6cd15f8
5;26/05/1985;Chanteurs sans frontières;Éthiopie;https://p.scdn.co/mp3-preview/9ac1fc268f10a674fd0fc7c2ccb30acc7bbeafab?cid=4d3bffd173c84f21ab47981ba6cd15f8
6;21/07/1985;Opus;Live Is Life;https://p.scdn.co/mp3-preview/4c5d8fd3dc108f0b5d103df281e2e91f1f607eb1?cid=4d3bffd173c84f21ab47981ba6cd15f8
7;13/10/1985;Century;Lover Why;https://p.scdn.co/mp3-preview/9727a81f1b89baa26cfe9a9e723c4b9656adbb16?cid=4d3bffd173c84f21ab47981ba6cd15f8
8;01/12/1985;Jean-Jacques Goldman & Michael Jones;Je te donne;https://p.scdn.co/mp3-preview/573009d5e55ea0475eae0855947b60091444be73?cid=4d3bffd173c84f21ab47981ba6cd15f8
9;26/01/1986;Jean-Luc Lahaye;Papa chanteur;https://p.scdn.co/mp3-preview/828820c164aab805f43e34a8b848c28eef4327e3?cid=4d3bffd173c84f21ab47981ba6cd15f8
10;30/03/1986;Gold;Capitaine abandonné;https://p.scdn.co/mp3-preview/7163004795d12a252250b1563a0050abf5335762?cid=4d3bffd173c84f21ab47981ba6cd15f8
11;27/04/1986;Stéphanie;Ouragan;https://p.scdn.co/mp3-preview/a050a3b2b7fbd683f43594565ec138d360ddbb17?cid=4d3bffd173c84f21ab47981ba6cd15f8
12;06/07/1986;Jeanne Mas;En rouge et noir;https://p.scdn.co/mp3-preview/7eac56081606dec9c888288fd35b050fb08170ae?cid=4d3bffd173c84f21ab47981ba6cd15f8
13;20/07/1986;Images;Les Démons de minuit;https://p.scdn.co/mp3-preview/80e59fb544a39140b388cd1263aff724acf1a5d7?cid=4d3bffd173c84f21ab47981ba6cd15f8
14;19/10/1986;MC Miker G & Deejay Sven;Holiday Rap;https://p.scdn.co/mp3-preview/084f2843939dfad98b10c880158a15804998a815?cid=4d3bffd173c84f21ab47981ba6cd15f8
15;02/11/1986;Julie Pietri;Ève lève-toi;https://p.scdn.co/mp3-preview/b197ff8af7deb981d19d3dc00b6f227e6cba0893?cid=4d3bffd173c84f21ab47981ba6cd15f8
16;09/11/1986;Europe;The Final Countdown;https://p.scdn.co/mp3-preview/eaa4589de811f47326f5a15013ed58bd62a9e96a?cid=4d3bffd173c84f21ab47981ba6cd15f8
17;04/01/1987;Elsa;T'en va pas;https://p.scdn.co/mp3-preview/ac415193747e88ccdfa7d156b3a4d57b8366233c?cid=4d3bffd173c84f21ab47981ba6cd15f8
18;01/03/1987;Francis Lalanne;On se retrouvera;https://p.scdn.co/mp3-preview/9a59fd7db0860ab84f4797784b56c5385c825d1d?cid=4d3bffd173c84f21ab47981ba6cd15f8
19;12/04/1987;Licence IV;Viens boire un p'tit coup à la maison;https://p.scdn.co/mp3-preview/36b8eff171c6c69700721ac8dd183f43857df2e2?cid=4d3bffd173c84f21ab47981ba6cd15f8
20;12/07/1987;Madonna;La isla bonita;https://p.scdn.co/mp3-preview/42485e5c4b0cd6dd1fb57b461a3cbe4f74bfc5e9?cid=4d3bffd173c84f21ab47981ba6cd15f8
21;18/10/1987;Los Lobos;La bamba;https://p.scdn.co/mp3-preview/7d99bed1d9ec6051f7ca9391e4cb79e1b66342b4?cid=4d3bffd173c84f21ab47981ba6cd15f8
22;02/01/1988;Guesch Patti;Étienne;https://p.scdn.co/mp3-preview/93fbbcfd30d2fecf0e9500f75625cbaf5719c8eb?cid=4d3bffd173c84f21ab47981ba6cd15f8
23;06/02/1988;Sabrina;Boys (Summertime Love);https://p.scdn.co/mp3-preview/845d218cd0018ea50238799cb6c044856e51d330?cid=4d3bffd173c84f21ab47981ba6cd15f8
24;12/03/1988;Glenn Medeiros;Nothing's Gonna Change My Love for You;https://p.scdn.co/mp3-preview/1498eaddd88655ebca565a8ef9d3be4554259665?cid=4d3bffd173c84f21ab47981ba6cd15f8
25;02/07/1988;Sandy;J'ai faim de toi;https://p.scdn.co/mp3-preview/77ce2530c2488918d45eb6be338aa66640f0aa0c?cid=4d3bffd173c84f21ab47981ba6cd15f8
26;16/07/1988;Début de soirée;Nuit de folie;https://p.scdn.co/mp3-preview/7bb774dbf9965abdceeed3bac12399e7c4a6b8bb?cid=4d3bffd173c84f21ab47981ba6cd15f8
27;17/09/1988;Glenn Medeiros & Elsa;Un roman d'amitié (Friend you give me a reason);https://p.scdn.co/mp3-preview/1498eaddd88655ebca565a8ef9d3be4554259665?cid=4d3bffd173c84f21ab47981ba6cd15f8
28;29/10/1988;Paco;Amor de mis amores;https://p.scdn.co/mp3-preview/02ef3dd5c384ccdaa6348b373081a62984cf2835?cid=4d3bffd173c84f21ab47981ba6cd15f8
29;22/04/1989;Boney M;Megamix;https://p.scdn.co/mp3-preview/945213ef98634cb80d2c85123339095a1fcc652f?cid=4d3bffd173c84f21ab47981ba6cd15f8
30;03/06/1989;Avalanche;Johnny, Johnny Come Home;https://p.scdn.co/mp3-preview/524f8baf5fa50f9125e5078fcaf6dfa24be646a2?cid=4d3bffd173c84f21ab47981ba6cd15f8
31;29/07/1989;Kaoma;Lambada;https://p.scdn.co/mp3-preview/9f1e031aec82989d81e197f5059875b65e3a8139?cid=4d3bffd173c84f21ab47981ba6cd15f8
32;21/10/1989;Philippe Lafontaine;Cœur de loup;https://p.scdn.co/mp3-preview/1722fcc39ce71649ac2bc6f06aaaaab6f166fd57?cid=4d3bffd173c84f21ab47981ba6cd15f8
33;04/11/1989;Jive Bunny and the Mastermixers;Swing The Mood;https://p.scdn.co/mp3-preview/25f27c56054f889e5bb61f36f4a369a777104c72?cid=4d3bffd173c84f21ab47981ba6cd15f8
34;09/12/1989,24/02/1990;Roch Voisine;Hélène;https://p.scdn.co/mp3-preview/2fb36402c758c20cc17caa240e1ec78d05ac412e?cid=4d3bffd173c84f21ab47981ba6cd15f8
35;24/03/1990;Les Vagabonds;Le Temps des yéyés;https://p.scdn.co/mp3-preview/b5ccb11199c9b1a484429cd73c30b25975b2e9a1?cid=4d3bffd173c84f21ab47981ba6cd15f8
36;16/06/1990;Lagaf';Bo le lavabo (WC Kiss);https://p.scdn.co/mp3-preview/434575888d1cd11c26fac69bc171276a06edb075?cid=4d3bffd173c84f21ab47981ba6cd15f8
37;23/06/1990,22/09/1990;Zouk Machine;Maldòn (La musique dans la peau);https://p.scdn.co/mp3-preview/ec866950b6f322745204a486645d185e27afb25d?cid=4d3bffd173c84f21ab47981ba6cd15f8
38;11/08/1990;Charles D. Lewis;Soca Dance;https://p.scdn.co/mp3-preview/f3095b7c6a7cc6040e0d4c6f2bda9364f3c565ce?cid=4d3bffd173c84f21ab47981ba6cd15f8
39;06/10/1990;Félix Gray & Didier Barbelivien;À toutes les filles...;https://p.scdn.co/mp3-preview/d723cd79440c88625d881e68579900ae71439591?cid=4d3bffd173c84f21ab47981ba6cd15f8
40;10/11/1990;Mecano;Une femme avec une femme;https://p.scdn.co/mp3-preview/2b95df514dc26c057dd876b33ae7600e0b487370?cid=4d3bffd173c84f21ab47981ba6cd15f8
41;19/01/1991;Félix Gray & Didier Barbelivien;Il faut laisser le temps au temps;https://p.scdn.co/mp3-preview/34b723008cfe176c20a582f1b277dd7873a181ee?cid=4d3bffd173c84f21ab47981ba6cd15f8
42;29/06/1991,27/07/1991;Les Inconnus;Auteuil, Neuilly, Passy (Rap B.C.B.G.);https://p.scdn.co/mp3-preview/b254fd094e9d84b6ad8a28a7aa464d6bea22bb7a?cid=4d3bffd173c84f21ab47981ba6cd15f8
43;20/07/1991,03/08/1991;Lagaf';La Zoubida;https://p.scdn.co/mp3-preview/83a3202106f86fb678aeeb8e8fb30aa356ee91fe?cid=4d3bffd173c84f21ab47981ba6cd15f8
44;07/12/1991,15/02/1992;Patrick Bruel;Qui a le droit... (Live);https://p.scdn.co/mp3-preview/613f0479cd51ae0b40e01cfab64df07a72139a10?cid=4d3bffd173c84f21ab47981ba6cd15f8
45;18/01/1992,08/02/1992;Jean-Philippe Audin & Diego Modena;Song of Ocarina;https://p.scdn.co/mp3-preview/0abb20735a9eb5e557e3a3754c5dc04a23ecfba7?cid=4d3bffd173c84f21ab47981ba6cd15f8
46;25/01/1992;Michael Jackson;Black or White;https://p.scdn.co/mp3-preview/563eb405b53bb155973d815009ce476708b1724f?cid=4d3bffd173c84f21ab47981ba6cd15f8
47;22/02/1992;George Michael & Elton John;Don't Let the Sun Go Down on Me;https://p.scdn.co/mp3-preview/e64bb3e1d9ab34e4d791dd5131c2a203eb05b674?cid=4d3bffd173c84f21ab47981ba6cd15f8
48;11/04/1992;Ten Sharp;You;https://p.scdn.co/mp3-preview/f5415199db25f3190885f37386b28325593d0052?cid=4d3bffd173c84f21ab47981ba6cd15f8
49;05/09/1992;Snap!;Rhythm Is a Dancer;https://p.scdn.co/mp3-preview/b06ed9ed66669e87a211b8f19bb87be2be2d311b?cid=4d3bffd173c84f21ab47981ba6cd15f8
50;17/10/1992;Jordy;Dur dur d'être bébé !;https://p.scdn.co/mp3-preview/1c463328a5c2c44bef408f74120f435f71ac074a?cid=4d3bffd173c84f21ab47981ba6cd15f8
51;30/01/1993;Whitney Houston;I Will Always Love You;https://p.scdn.co/mp3-preview/db431eff82899d9af76c9156d66d29aa951c21d8?cid=4d3bffd173c84f21ab47981ba6cd15f8
52;27/03/1993;Jordy;Alison (C'est ma copine à moi);https://p.scdn.co/mp3-preview/fcbeba286f10636d93925b5633024b971a86d995?cid=4d3bffd173c84f21ab47981ba6cd15f8
53;01/05/1993,10/07/1993;2 Unlimited;No Limit;https://p.scdn.co/mp3-preview/7d458b23edadcb46d7086b89b90df69acc46fec0?cid=4d3bffd173c84f21ab47981ba6cd15f8
54;17/07/1993;Haddaway;What Is Love;https://p.scdn.co/mp3-preview/05d04eb0f90feea806394d62453f61ae752d0b62?cid=4d3bffd173c84f21ab47981ba6cd15f8
55;21/08/1993,25/09/1993;Les G.O. Cul-Ture;Darla dirladada;https://p.scdn.co/mp3-preview/44ca306ed3b52e5b0f2db42ba5b66014830a8008?cid=4d3bffd173c84f21ab47981ba6cd15f8
56;18/09/1993,23/10/1993;Regg'Lyss;Mets de l’huile;https://p.scdn.co/mp3-preview/09fa4dafdfe01764c215472e9623c638a05ea31f?cid=4d3bffd173c84f21ab47981ba6cd15f8
57;05/02/1994,19/02/1994;Ace of Base;Happy Nation;https://p.scdn.co/mp3-preview/cb305ced36ceac1cae575c03f7d371f5dc030002?cid=4d3bffd173c84f21ab47981ba6cd15f8
58;12/02/1994;Alain Souchon;Foule sentimentale;https://p.scdn.co/mp3-preview/8de86861b43512362a32d9e5afb72ae98a9a6a14?cid=4d3bffd173c84f21ab47981ba6cd15f8
59;12/03/1994,21/05/1994,11/06/1994;IAM;Je danse le mia;https://p.scdn.co/mp3-preview/43e1eee0326466a823d2450ff20a127f7993db7e?cid=4d3bffd173c84f21ab47981ba6cd15f8
60;16/04/1994,14/05/1994,04/06/1994;Bruce Springsteen;Streets of Philadelphia;https://p.scdn.co/mp3-preview/015884640241cacd2456e0e0bc34fe2ed9f5f98b?cid=4d3bffd173c84f21ab47981ba6cd15f8
61;7/05/1994;East 17;It's Alright;https://p.scdn.co/mp3-preview/b038058124a1846f48e0726ef232f097f6340942?cid=4d3bffd173c84f21ab47981ba6cd15f8
62;18/06/1994;Jimmy Cliff;I Can See Clearly Now;https://p.scdn.co/mp3-preview/3f5fdf6e888883f0e35ce6f3744d7ca46a15cdd3?cid=4d3bffd173c84f21ab47981ba6cd15f8
63;13/08/1994;Youssou N'Dour & Neneh Cherry;7 seconds;https://p.scdn.co/mp3-preview/373da3f1cebf87f5887798be0bd2d0c00f8dba1a?cid=4d3bffd173c84f21ab47981ba6cd15f8
64;11/02/1995;20 Fingers feat. Gillette;Short Dick Man;https://p.scdn.co/mp3-preview/94beb87d0c77699f0968f79aebb14e00e832fec7?cid=4d3bffd173c84f21ab47981ba6cd15f8
65;06/05/1995,08/07/1995;Céline Dion;Pour que tu m'aimes encore;https://p.scdn.co/mp3-preview/b4a8208893c4c2c2444a4b0876b26d8c15037dac?cid=4d3bffd173c84f21ab47981ba6cd15f8
66;01/07/1995;Scatman John;Scatman (Ski Ba Bop Ba Dop Bop);https://p.scdn.co/mp3-preview/d6c8867a70c9c6f6bee4f6b9249d078c3df20896?cid=4d3bffd173c84f21ab47981ba6cd15f8
67;16/09/1995;Scatman John;Scatman's World;https://p.scdn.co/mp3-preview/ca7541ddb5a02300374e9bf5456cfd8e3b98f0bd?cid=4d3bffd173c84f21ab47981ba6cd15f8
68;30/09/1995;Michael Jackson;You Are Not Alone;https://p.scdn.co/mp3-preview/8514ea0121a2fc28bf0288fb541b19d024e636c4?cid=4d3bffd173c84f21ab47981ba6cd15f8
69;14/10/1995;Céline Dion;Je sais pas;https://p.scdn.co/mp3-preview/050a1ccdfbcaa9cac2ae2320c919a6f972e584b9?cid=4d3bffd173c84f21ab47981ba6cd15f8
70;02/12/1995,02/03/1996;Coolio feat. L.V.;Gangsta's Paradise;https://p.scdn.co/mp3-preview/5932ee3c68adab33ecef5c312cbb4e836130c771?cid=4d3bffd173c84f21ab47981ba6cd15f8
71;24/02/1996;Ophélie Winter;Dieu m'a donné la foi;https://p.scdn.co/mp3-preview/b166e95af9f05abb12c11c0389c3f6102c142283?cid=4d3bffd173c84f21ab47981ba6cd15f8
72;09/03/1996;Babylon Zoo;Spaceman;https://p.scdn.co/mp3-preview/787e9820eadda9cd2dd57811973757eab2be0ec6?cid=4d3bffd173c84f21ab47981ba6cd15f8
73;16/03/1996;Boris;Soirée disco;https://p.scdn.co/mp3-preview/4f590ab606341c6e36b698048d3da2593b39bf07?cid=4d3bffd173c84f21ab47981ba6cd15f8
74;23/03/1996;Robert Miles;Children;https://p.scdn.co/mp3-preview/c635eb39783d1415237f59c8bda26892512861e6?cid=4d3bffd173c84f21ab47981ba6cd15f8
75;08/06/1996;Mark Snow;The X-Files;https://p.scdn.co/mp3-preview/ea4fc5df5c4f98d06662af69b6832620ffd9d9f0?cid=4d3bffd173c84f21ab47981ba6cd15f8
76;15/06/1996,03/08/1996;Los del Río;Macarena (Bayside Boys remix);https://p.scdn.co/mp3-preview/cacf8b258d5c56e79e1e87f5d3ccad7e365f333d?cid=4d3bffd173c84f21ab47981ba6cd15f8
77;13/07/1996;Carrapicho;Tic, tic tac;https://p.scdn.co/mp3-preview/8ede3ac2b5cf522a7b47106db8bdec8effeaaf10?cid=4d3bffd173c84f21ab47981ba6cd15f8
78;24/08/1996;Fugees;Killing Me Softly;https://p.scdn.co/mp3-preview/7a931688bc452843a89fbd4d83fe2986a95c182e?cid=4d3bffd173c84f21ab47981ba6cd15f8
79;26/10/1996;Gala;Freed from Desire;https://p.scdn.co/mp3-preview/1d3a642a08cdfc7bd103ec66033d50f6d49f41e9?cid=4d3bffd173c84f21ab47981ba6cd15f8
80;25/01/1997;Madonna;Don't Cry for Me Argentina;https://p.scdn.co/mp3-preview/3956954c975d6f5a6b996f5fe81ee48766827ee2?cid=4d3bffd173c84f21ab47981ba6cd15f8
81;22/02/1997,08/03/1997;Gala;Let a Boy Cry;https://p.scdn.co/mp3-preview/5e5efcd6240eebcb3a9916d25032577e6785483e?cid=4d3bffd173c84f21ab47981ba6cd15f8
82;12/04/1997;Ricky Martin;María;https://p.scdn.co/mp3-preview/45c22785eeab0d0d47eeadb0ec69918af02759b8?cid=4d3bffd173c84f21ab47981ba6cd15f8
83;14/06/1997;Wes;Alane;https://p.scdn.co/mp3-preview/510f716d33e27916c781ad0e706e972372b28ad9?cid=4d3bffd173c84f21ab47981ba6cd15f8
84;23/08/1997;Will Smith;Men in Black;https://p.scdn.co/mp3-preview/55b9e9ca8402487f1bedd79ebfb78c3286f5fb47?cid=4d3bffd173c84f21ab47981ba6cd15f8
85;03/01/1998;Andrea Bocelli & Hélène Ségara;Vivo per lei (Je vis pour elle);https://p.scdn.co/mp3-preview/10ca780e9c020a5b9584bc570618d075127c5cc6?cid=4d3bffd173c84f21ab47981ba6cd15f8
86;07/02/1998;Céline Dion;My Heart Will Go On;https://p.scdn.co/mp3-preview/68c13229ec9b1b4a5ea580e801061fd7791857c4?cid=4d3bffd173c84f21ab47981ba6cd15f8
87;09/05/1998;Ricky Martin;La copa de la vida;https://p.scdn.co/mp3-preview/a463efa19e732cfa89493e965fd040fdfdf380f5?cid=4d3bffd173c84f21ab47981ba6cd15f8
88;12/09/1998;Daniel Lavoie & Patrick Fiori & Garou;Belle;https://p.scdn.co/mp3-preview/5b2280de38c5464d22a8b2617aa6b8c3b89d06ea?cid=4d3bffd173c84f21ab47981ba6cd15f8
89;23/01/1999;Cher;Believe;https://p.scdn.co/mp3-preview/4d1118af5a493275e5c7522aaa26faa34b72d828?cid=4d3bffd173c84f21ab47981ba6cd15f8
90;30/01/1999;Larusso;Tu m'oublieras;https://p.scdn.co/mp3-preview/54c62225ea5847eae4324c0dd43669be40be9e88?cid=4d3bffd173c84f21ab47981ba6cd15f8
91;24/04/1999;Britney Spears;...Baby One More Time;https://p.scdn.co/mp3-preview/174e01719c3b06ee1437cb13f892e539df14b6d1?cid=4d3bffd173c84f21ab47981ba6cd15f8
92;07/08/1999;Eiffel 65;Blue (Da Ba Dee);https://p.scdn.co/mp3-preview/bbac41684f243a85862b5c010ec7c38e1a8bef5e?cid=4d3bffd173c84f21ab47981ba6cd15f8
93;28/08/1999;Lou Bega;Mambo No. 5 (A little bit of…);https://p.scdn.co/mp3-preview/c98bff86083944b2b50af1b5dfb04279d5342cde?cid=4d3bffd173c84f21ab47981ba6cd15f8
94;15/01/2000,05/02/2000;Eiffel 65;Move Your Body;https://p.scdn.co/mp3-preview/7a8e87711eabea326e6e47276258106b0b2c2b4f?cid=4d3bffd173c84f21ab47981ba6cd15f8
95;26/02/2000;Tom Jones & Mousse T.;Sex Bomb;https://p.scdn.co/mp3-preview/e42ca54617ec337708e25e24685d0bed922179bc?cid=4d3bffd173c84f21ab47981ba6cd15f8
96;15/04/2000;Yannick;Ces soirées-là;https://p.scdn.co/mp3-preview/f48c864d8536cfe9ebe44f599dd35807dec00017?cid=4d3bffd173c84f21ab47981ba6cd15f8
97;29/07/2000;Santana feat. The Product G&B;Maria Maria;https://p.scdn.co/mp3-preview/aeca3af8544ab78fef1485a06e5542b65ce00d66?cid=4d3bffd173c84f21ab47981ba6cd15f8
98;26/08/2000,25/11/2000;Philippe d'Avilla & Damien Sargue & Grégori Baquet;Les Rois du monde;https://p.scdn.co/mp3-preview/4551255256704f7e3216c3c07f168898d1efa4be?cid=4d3bffd173c84f21ab47981ba6cd15f8
99;18/11/2000;Daft Punk;One More Time;https://p.scdn.co/mp3-preview/5e7d7e1faefc00e347d0a1c958d4b7f52baa3a44?cid=4d3bffd173c84f21ab47981ba6cd15f8
100;30/12/2000;Alizée;L'Alizé;https://p.scdn.co/mp3-preview/c4adbe90a41f1841289f690093110e360415cf3e?cid=4d3bffd173c84f21ab47981ba6cd15f8
101;13/01/2001;Garou;Seul;https://p.scdn.co/mp3-preview/3dc0a2c451e88fe1c45a12af9d0621acd61e7db6?cid=4d3bffd173c84f21ab47981ba6cd15f8
102;31/03/2001;"Shaggy feat. Ricardo ""Rikrok"" Ducent";It Wasn't Me;https://p.scdn.co/mp3-preview/fcd7af7d45305d02cdc3cf0c41459d6103a33cea?cid=4d3bffd173c84f21ab47981ba6cd15f8
103;09/06/2001;MC Solaar;Hasta la vista;https://p.scdn.co/mp3-preview/b276e1a5a3e8d8bb4816498aa693198c3631b5f3?cid=4d3bffd173c84f21ab47981ba6cd15f8
104;14/07/2001;Les Lofteurs;Up and down;https://p.scdn.co/mp3-preview/f529ac92d9c474f31d509a315e19301b2906c793?cid=4d3bffd173c84f21ab47981ba6cd15f8
105;01/09/2001;Geri Halliwell;It's Raining Men;https://p.scdn.co/mp3-preview/e006ed2f49beb55b9e0746f12845cdf77ff536b5?cid=4d3bffd173c84f21ab47981ba6cd15f8
106;13/10/2001;Michael Jackson;You Rock My World;https://p.scdn.co/mp3-preview/b5ce9be6cb4f767747bdfab9d43bb3bc1a78bda3?cid=4d3bffd173c84f21ab47981ba6cd15f8
107;03/11/2001;Garou & Céline Dion;Sous le vent;https://p.scdn.co/mp3-preview/4ea806743abad0ce7cb7d8bb2a4ab7aec9c950ad?cid=4d3bffd173c84f21ab47981ba6cd15f8
108;24/11/2001;Kylie Minogue;Can't Get You Out of My Head;https://p.scdn.co/mp3-preview/80a42bfd505424a41c3e43b66b4e64571e36d49c?cid=4d3bffd173c84f21ab47981ba6cd15f8
109;08/12/2001;Star Academy 1;La Musique;https://p.scdn.co/mp3-preview/1c80231d0f8b692872f19463555a19f725d6c9d7?cid=4d3bffd173c84f21ab47981ba6cd15f8
110;09/03/2002;Rohff feat. Kayliah;Qui est l'exemple ?;https://p.scdn.co/mp3-preview/637e2950d410f1bdbcabf206ac63928741f5ba8b?cid=4d3bffd173c84f21ab47981ba6cd15f8
111;30/03/2002;Shakira;Whenever, Wherever;https://p.scdn.co/mp3-preview/93dc52d836150fba41afeb6df2e9167875c7d8fb?cid=4d3bffd173c84f21ab47981ba6cd15f8
112;04/05/2002,06/07/2002,27/07/2002;Bratisla Boys;Stach stach;https://p.scdn.co/mp3-preview/0c77f8070dba8846a02bb990e215c0cf69bbcd12?cid=4d3bffd173c84f21ab47981ba6cd15f8
113;13/07/2002;Félicien;Cum-cum mania;https://p.scdn.co/mp3-preview/3eb3011ba9a2f065b3af6ace1a1269df9b7e5705?cid=4d3bffd173c84f21ab47981ba6cd15f8
114;20/07/2002;Indochine;J'ai demandé à la lune;https://p.scdn.co/mp3-preview/3b642a34c6917fa59b961d046db4a85f9f19917e?cid=4d3bffd173c84f21ab47981ba6cd15f8
115;17/08/2002;MC Solaar;Inch'Allah;https://p.scdn.co/mp3-preview/d91df89625193b631843b8b76a09a76c6133a851?cid=4d3bffd173c84f21ab47981ba6cd15f8
116;14/09/2002,23/11/2002,07/12/2002;Las Ketchup;The Ketchup Song (Aserejé);https://p.scdn.co/mp3-preview/aa882e8bc42740d96cd2b872a063d5b94df61ce3?cid=4d3bffd173c84f21ab47981ba6cd15f8
117;30/11/2002;Whatfor;Plus haut;https://p.scdn.co/mp3-preview/1335a922a81dd41499930324043c77b41843a956?cid=4d3bffd173c84f21ab47981ba6cd15f8
118;01/02/2003;Alphonse Brown;Le Frunkp;https://p.scdn.co/mp3-preview/c6adbcbc20ba4094ce996e4b41d212cef79041a5?cid=4d3bffd173c84f21ab47981ba6cd15f8
119;31/05/2003,14/06/2003;Lorie;Sur un air latino;https://p.scdn.co/mp3-preview/26ef3c220f645b82c4eb220163038f22696aa0f4?cid=4d3bffd173c84f21ab47981ba6cd15f8
120;07/06/2003;Pascal Obispo;Fan;https://p.scdn.co/mp3-preview/f84111c69cf2e2c109085ecbe0e184af0b586c04?cid=4d3bffd173c84f21ab47981ba6cd15f8
121;21/06/2003;DJ BoBo;Chihuahua;https://p.scdn.co/mp3-preview/bbb51e4c3eb51914c1ac6c9f0dd582ab19b597d8?cid=4d3bffd173c84f21ab47981ba6cd15f8
122;30/08/2003;Jocelyne Labylle & Cheela feat. Jacob Desvarieux & Passi;Laisse parler les gens;https://p.scdn.co/mp3-preview/c049ad332ea77971830b1c6346d27eb2afa88a66?cid=4d3bffd173c84f21ab47981ba6cd15f8
123;20/09/2003;Lorna;Papi chulo (te traigo el mmm...);https://p.scdn.co/mp3-preview/366345805afaca73272482cd6389587bb69ccce8?cid=4d3bffd173c84f21ab47981ba6cd15f8
124;27/09/2003,06/12/2003;Tragédie;Hey oh;https://p.scdn.co/mp3-preview/62061c5fa488c21c4a093e44e4f32eafa5b8f8c1?cid=4d3bffd173c84f21ab47981ba6cd15f8
125;22/11/2003;Linkup;Mon étoile;https://p.scdn.co/mp3-preview/521457dbaa194d95044997e5486accd037538e46?cid=4d3bffd173c84f21ab47981ba6cd15f8
126;20/12/2003 17/01/2004;Star Academy 3;L'Orange / Wot;https://p.scdn.co/mp3-preview/478f4f09547b72c2b67df674fe6240ef0c44a801?cid=4d3bffd173c84f21ab47981ba6cd15f8
127;10/01/2004;Tragédie;Sexy pour moi;https://p.scdn.co/mp3-preview/c8d5446c23fa2f746c38cd95390b826492073bb0?cid=4d3bffd173c84f21ab47981ba6cd15f8
128;24/01/2004,07/02/2004,03/04/2004;Kareen Antonn & Bonnie Tyler;Si demain... (Turn Around);https://p.scdn.co/mp3-preview/473cb14119a229d0d639a23fb86e957abad20a9d?cid=4d3bffd173c84f21ab47981ba6cd15f8
129;27/03/2004;J-Five feat. Charlie Chaplin;Modern Times;https://p.scdn.co/mp3-preview/964b4524d158f93b3a70d072e94d5336fc96586f?cid=4d3bffd173c84f21ab47981ba6cd15f8
130;17/04/2004;Usher feat. Lil Jon & Ludacris;Yeah!;https://p.scdn.co/mp3-preview/1eca1cb525c2b0df2ecba52f1105f139323e09a2?cid=4d3bffd173c84f21ab47981ba6cd15f8
131;24/04/2004;O-Zone;Dragostea din tei;https://p.scdn.co/mp3-preview/80e9ea6cd288991bd8d8cdbfb79ed17d10061ee2?cid=4d3bffd173c84f21ab47981ba6cd15f8
132;07/08/2004;K-Maro;Femme Like U (Donne moi ton corps);https://p.scdn.co/mp3-preview/11a0b41ab97e7840782f3fbeac5aa923459dd2fa?cid=4d3bffd173c84f21ab47981ba6cd15f8
133;14/08/2004;Aventura;Obsesión;https://p.scdn.co/mp3-preview/fc9c4e31536a1e7f9584ce8c97be295b7de9bac9?cid=4d3bffd173c84f21ab47981ba6cd15f8
134;02/10/2004;Star Academy 4;Laissez-moi danser;https://p.scdn.co/mp3-preview/2a1ea2d605824a591499209c5db458258bc4d140?cid=4d3bffd173c84f21ab47981ba6cd15f8
135;13/11/2004;Tragédie;Gentleman;https://p.scdn.co/mp3-preview/88c3086ccfad9f46afbf5e4f7094227b67b730dd?cid=4d3bffd173c84f21ab47981ba6cd15f8
136;20/11/2004;Starsailor;Four to the Floor (Thin White Duke remix);https://p.scdn.co/mp3-preview/fdd664fc5677bfd17b6bff07c138883e826a42da?cid=4d3bffd173c84f21ab47981ba6cd15f8
137;01/01/2005;Star Academy 4;Adieu monsieur le professeur;https://p.scdn.co/mp3-preview/5ea2582402d5c7f5ec40169287b4a7ee91512ea7?cid=4d3bffd173c84f21ab47981ba6cd15f8
138;08/01/2005;Eric Prydz;Call on Me;https://p.scdn.co/mp3-preview/31bc0a16df83fa78aa422068e79d2aa960ac3249?cid=4d3bffd173c84f21ab47981ba6cd15f8
139;29/01/2005;Amel Bent;Ma philosophie;https://p.scdn.co/mp3-preview/7ef9def6cc2693a99a86d4af22757aeedb939f01?cid=4d3bffd173c84f21ab47981ba6cd15f8
140;25/06/2005;Crazy Frog;Axel F;https://p.scdn.co/mp3-preview/e674a4d68ae68fa48b5a6b9eb22d000e7cb2df84?cid=4d3bffd173c84f21ab47981ba6cd15f8
141;24/09/2005;Crazy Frog;Popcorn;https://p.scdn.co/mp3-preview/39bf725adf7ee8536c1ce5f55be3c14dea581b18?cid=4d3bffd173c84f21ab47981ba6cd15f8
142;12/11/2005,31/12/2005;Madonna;Hung Up;https://p.scdn.co/mp3-preview/dffaf6d378f42c2ec6311d17fadc5fc26eb84bf8?cid=4d3bffd173c84f21ab47981ba6cd15f8
143;21/01/2006,04/02/2006;Amine;J'voulais;https://p.scdn.co/mp3-preview/5a8deb25d8e446d416bb29a30955f52613f30aeb?cid=4d3bffd173c84f21ab47981ba6cd15f8
144;25/03/2006;Pigloo;Papa Pingouin;https://p.scdn.co/mp3-preview/0fc230140723d98c1a51c6f35f2711c9def8e7e2?cid=4d3bffd173c84f21ab47981ba6cd15f8
145;15/04/2006;Diam's;La Boulette (Génération nan nan);https://p.scdn.co/mp3-preview/cbb195b66e7ad8a322992ebfd2323db9576ba1b4?cid=4d3bffd173c84f21ab47981ba6cd15f8
146;06/05/2006;Shakira feat. Wyclef Jean;Hips Don't Lie;https://p.scdn.co/mp3-preview/374b492571c9ba59c2c4b455ab79ee7501adab93?cid=4d3bffd173c84f21ab47981ba6cd15f8
147;13/05/2006;Pakito;Living on Video;https://p.scdn.co/mp3-preview/033a35c95f70c67be88b88f0c2ac98da0e6a81ac?cid=4d3bffd173c84f21ab47981ba6cd15f8
148;10/06/2006;Crazy Frog;We Are The Champions (Ding a Dang Dong);https://p.scdn.co/mp3-preview/72600309618a12bb05dba4b1668c49d06e0128a1?cid=4d3bffd173c84f21ab47981ba6cd15f8
149;15/07/2006;Cauet;Zidane y va marquer;https://p.scdn.co/mp3-preview/ff03d17ba29634b138f8c27a0502d70f7d2aaba2?cid=4d3bffd173c84f21ab47981ba6cd15f8
150;29/07/2006;La Plage;Coup de boule;https://p.scdn.co/mp3-preview/fa683509239018a5ca66d596bfdfdaa2d3e0acbc?cid=4d3bffd173c84f21ab47981ba6cd15f8
151;19/08/2006;Tribal King;Façon Sex;https://p.scdn.co/mp3-preview/e3cfd115b279666b3cc25a2bd068963cd640c7d9?cid=4d3bffd173c84f21ab47981ba6cd15f8
152;23/09/2006;Johnny Hallyday;La Loi du silence;https://p.scdn.co/mp3-preview/ebb07918b38cf6497cf1804e51b72dce048e1998?cid=4d3bffd173c84f21ab47981ba6cd15f8
153;30/09/2006;Moby & Mylène Farmer;Slipping Away (Crier la vie);https://p.scdn.co/mp3-preview/251f0ed39ec7e05cbb01737f0526378ca5acd31c?cid=4d3bffd173c84f21ab47981ba6cd15f8
154;07/10/2006;Faf Larage;Pas le temps;https://p.scdn.co/mp3-preview/9f4b4882f5994f3ccb24bf5abf40bedac5fdbfe3?cid=4d3bffd173c84f21ab47981ba6cd15f8
155;25/11/2006;Fatal Bazooka;Fous ta cagoule;https://p.scdn.co/mp3-preview/430402fb22fd6d348c3bb17024356b757b5caa74?cid=4d3bffd173c84f21ab47981ba6cd15f8
156;20/01/2007;Kamini;Marly-Gomont;https://p.scdn.co/mp3-preview/0109b95c606656cab194f30d13db85538cf528cc?cid=4d3bffd173c84f21ab47981ba6cd15f8
157;17/02/2007;Yannick Noah;Aux arbres citoyens;https://p.scdn.co/mp3-preview/797bf102dcaf8f973a2c0277bfd7c6ee25aaefb6?cid=4d3bffd173c84f21ab47981ba6cd15f8
158;10/03/2007;Fatal Bazooka feat. Vitoo;Mauvaise foi nocturne (La réponse);https://p.scdn.co/mp3-preview/e89fce8b030e245a0a934bfd38e192304c9d0711?cid=4d3bffd173c84f21ab47981ba6cd15f8
159;14/04/2007;Cascada;Miracle;https://p.scdn.co/mp3-preview/54aab2129e5e8e07ac4dd3f339a1dda5b98300c0?cid=4d3bffd173c84f21ab47981ba6cd15f8
160;21/04/2007;Céline Dion;Et s'il n'en restait qu'une (Je serais celle-là);https://p.scdn.co/mp3-preview/b55ab1d157de2a21c049645d82d5748d8c98a1c4?cid=4d3bffd173c84f21ab47981ba6cd15f8
161;28/04/2007,12/05/2007;Beyoncé & Shakira;Beautiful Liar;https://p.scdn.co/mp3-preview/703336bdbcf410c0f4f687b11273f4f7106905a4?cid=4d3bffd173c84f21ab47981ba6cd15f8
162;19/05/2007;Christophe Maé;On s'attache;https://p.scdn.co/mp3-preview/062d5862b74e68d5173d1f4435c488c445713bf4?cid=4d3bffd173c84f21ab47981ba6cd15f8
163;02/06/2007,23/06/2007,21/07/2007;Christophe Willem;Double je;https://p.scdn.co/mp3-preview/2e58debbb57f7c35a545cd7ddba98e38d14d40f3?cid=4d3bffd173c84f21ab47981ba6cd15f8
164;11/08/2007;Patrick Fiori & Jean-Jacques Goldman & Christine Ricol;4 mots sur un piano;https://p.scdn.co/mp3-preview/6709cbbebd6dbb6616739ac8caf8e728da9322ba?cid=4d3bffd173c84f21ab47981ba6cd15f8
165;20/10/2007;Melissa M;Elle;https://p.scdn.co/mp3-preview/b93e6eae17a6b26022a16f03f95273054cf69c2c?cid=4d3bffd173c84f21ab47981ba6cd15f8
166;08/12/2007;Fatal Bazooka feat. Yelle;Parle à ma main;https://p.scdn.co/mp3-preview/d90f71a72d627c596f86f381943029a5bc932a82?cid=4d3bffd173c84f21ab47981ba6cd15f8
167;22/03/2008;Leona Lewis;Bleeding Love;https://p.scdn.co/mp3-preview/3b688a959a77d42be82bdfdf388e670c09acba84?cid=4d3bffd173c84f21ab47981ba6cd15f8
168;29/03/2008;M. Pokora feat. Timbaland & Sebastian;Dangerous;https://p.scdn.co/mp3-preview/e08efad1d00e399365149fd60749ca0a546f1d55?cid=4d3bffd173c84f21ab47981ba6cd15f8
169;05/04/2008;Laurent Wolf feat. Eric Carter;No Stress;https://p.scdn.co/mp3-preview/b6696623bc36e353451e8eb70b042e29f1636e92?cid=4d3bffd173c84f21ab47981ba6cd15f8
170;12/04/2008;Ch'ti DJ;Hé, biloute! Monte l'son! Hein!;https://p.scdn.co/mp3-preview/36bba6acdc07bc9f3767b0aab6fd9773c0dc0866?cid=4d3bffd173c84f21ab47981ba6cd15f8
171;19/04/2008;Enrique Iglesias feat. Nâdiya;Tired of Being Sorry (Laisse le destin l'emporter);https://p.scdn.co/mp3-preview/e5472699cadc286802392867784219a703eef11a?cid=4d3bffd173c84f21ab47981ba6cd15f8
172;05/07/2008,30/08/2008;William Baldé;Rayon de soleil;https://p.scdn.co/mp3-preview/f18f75271ae8dbd2f70f60fc61af3b1da809cd07?cid=4d3bffd173c84f21ab47981ba6cd15f8
173;23/08/2008;Mylène Farmer;Dégénération;https://p.scdn.co/mp3-preview/b5bf1fdbe822b14231788b917f69379c91fd6312?cid=4d3bffd173c84f21ab47981ba6cd15f8
174;13/09/2008;Madcon;Beggin';https://p.scdn.co/mp3-preview/6df5d88c2f3f69314e8f38a5e5a68d4636fce118?cid=4d3bffd173c84f21ab47981ba6cd15f8
175;01/11/2008,29/11/2008;Guru Josh Project;Infinity 2008 (Klaas remix);https://p.scdn.co/mp3-preview/a449f9c959fae57299605586a448a206a0efdb68?cid=4d3bffd173c84f21ab47981ba6cd15f8
176;08/11/2008;Mylène Farmer;Appelle mon numéro;https://p.scdn.co/mp3-preview/b1a88133eebcc814b65559deea57830fa1a77a9b?cid=4d3bffd173c84f21ab47981ba6cd15f8
177;15/11/2008;Johnny Hallyday;Ça n'finira jamais;https://p.scdn.co/mp3-preview/4b3f772256d9c8e4cb1fd7eb7c2594530a774555?cid=4d3bffd173c84f21ab47981ba6cd15f8
178;13/12/2008;Britney Spears;Womanizer;https://p.scdn.co/mp3-preview/b6b0fb78b1205317fc8170a1ba6040f5cc57ec85?cid=4d3bffd173c84f21ab47981ba6cd15f8
179;18/01/2009;Mikelangelo Loconte;Tatoue-moi;https://p.scdn.co/mp3-preview/ee16df6ee9d0fae585b275eb1786da2d66bc6b31?cid=4d3bffd173c84f21ab47981ba6cd15f8
180;22/02/2009;Mylène Farmer;Si j'avais au moins…;https://p.scdn.co/mp3-preview/397f70149f8fecea1e739ae949e250be80f0a9b8?cid=4d3bffd173c84f21ab47981ba6cd15f8
181;08/03/2009;Pep's;Liberta;https://p.scdn.co/mp3-preview/df84503f66ee8fdf9d6c58d353df14869613c671?cid=4d3bffd173c84f21ab47981ba6cd15f8
182;12/04/2009;Charlie Winston;Like a Hobo;https://p.scdn.co/mp3-preview/f03e144b0bda4f9bb995d586a1616ed93478c921?cid=4d3bffd173c84f21ab47981ba6cd15f8
183;19/04/2009,17/05/2009;Magic System & Khaled;Même pas fatigué;https://p.scdn.co/mp3-preview/0cac20234801ea341b0bc412158cbba075478a1d?cid=4d3bffd173c84f21ab47981ba6cd15f8
184;10/05/2009;Mylène Farmer;C'est dans l'air;https://p.scdn.co/mp3-preview/3e5b782ed116b75f090cceb8b763cb121744d480?cid=4d3bffd173c84f21ab47981ba6cd15f8
185;14/06/2009;Helmut Fritz;Ça m'énerve;https://p.scdn.co/mp3-preview/c65c638d2181d691852a38db9fed1435d062dad1?cid=4d3bffd173c84f21ab47981ba6cd15f8
186;12/07/2009;Pitbull;I Know You Want Me (Calle Ocho);https://p.scdn.co/mp3-preview/795616a1bb69dee8d4b3a3c66860f807ef76069f?cid=4d3bffd173c84f21ab47981ba6cd15f8
187;06/09/2009;Mylène Farmer;Sextonik;https://p.scdn.co/mp3-preview/430dddfe10de4531df6fdd57c2309fa831056d3b?cid=4d3bffd173c84f21ab47981ba6cd15f8
188;13/09/2009;Tom Frager & Gwayav';Lady Melody;https://p.scdn.co/mp3-preview/4b960804e62b55c6fa0644fb1d690033aa12e5bb?cid=4d3bffd173c84f21ab47981ba6cd15f8
189;27/12/2009;Edward Maya & Vika Jigulina;Stereo Love;https://p.scdn.co/mp3-preview/f698c2ab6ec2a962a5485189bb307a6512dfe41f?cid=4d3bffd173c84f21ab47981ba6cd15f8
190;31/01/2010;Christophe Maé;Dingue, dingue, dingue;https://p.scdn.co/mp3-preview/a55d2c86436b8e891aa3c5af4e17679cbfbc84a0?cid=4d3bffd173c84f21ab47981ba6cd15f8
191;21/02/2010;Ke$ha;Tik Tok;https://p.scdn.co/mp3-preview/ea95bec21bd6c4979cc91f5d5528b533d879905c?cid=4d3bffd173c84f21ab47981ba6cd15f8
192;14/03/2010;Cœur de pirate & Julien Doré;Pour un infidèle;https://p.scdn.co/mp3-preview/d4f6e0f3dd089384ee9e6c77221eb16e78dc320e?cid=4d3bffd173c84f21ab47981ba6cd15f8
193;16/05/2010,30/05/2010;Justin Bieber feat. Ludacris;Baby;https://p.scdn.co/mp3-preview/69061bb587b7789249c2061f918285a1ca77a289?cid=4d3bffd173c84f21ab47981ba6cd15f8
194;06/06/2010,27/06/2010;Jessy Matador;Allez ola olé;https://p.scdn.co/mp3-preview/e0e1842b72ba984f412137bf362d2577d368eeb4?cid=4d3bffd173c84f21ab47981ba6cd15f8
195;20/06/2010;David Guetta & Chris Willis feat. Fergie & LMFAO;Gettin' Over You;https://p.scdn.co/mp3-preview/448805859a0d86088919d4e4d752b0f8055bc6b0?cid=4d3bffd173c84f21ab47981ba6cd15f8
196;25/07/2010;Shakira feat. Freshlyground;Waka Waka (This Time for Africa);https://p.scdn.co/mp3-preview/4d583a07a0ae880aed54efdda211d0440d445c0d?cid=4d3bffd173c84f21ab47981ba6cd15f8
197;05/09/2010;René la Taupe;Mignon, Mignon;https://p.scdn.co/mp3-preview/93f7274b1f75d3c2fa427b5c8b8bd617576aa4da?cid=4d3bffd173c84f21ab47981ba6cd15f8
198;05/12/2010;Mylène Farmer;Oui mais... non;https://p.scdn.co/mp3-preview/6df6997fa8b3bed06e1f219cf9852eb7721c5201?cid=4d3bffd173c84f21ab47981ba6cd15f8
199;26/12/2010;Israel Kamakawiwoʻole;Over the Rainbow;https://p.scdn.co/mp3-preview/2b0ebc854ece09122c1918aeff6af258493defe9?cid=4d3bffd173c84f21ab47981ba6cd15f8
200;06/03/2011;Colonel Reyel;Celui...;https://p.scdn.co/mp3-preview/d7e0f563f3fd2d04a68853478f06f85a98e9ee7d?cid=4d3bffd173c84f21ab47981ba6cd15f8
201;13/03/2011;Colonel Reyel;Toutes les nuits;https://p.scdn.co/mp3-preview/c5029c85adabc95340df929a6877f88d9fe28bbd?cid=4d3bffd173c84f21ab47981ba6cd15f8
202;24/04/2011;Mylène Farmer;Bleu noir;https://p.scdn.co/mp3-preview/93b8c1a358649c4f13a4879b1e99756b4e39f920?cid=4d3bffd173c84f21ab47981ba6cd15f8
203;22/05/2011,17/07/2011;LMFAO feat. Lauren Bennett & GoonRock;Party Rock Anthem;https://p.scdn.co/mp3-preview/e23398791658cd3c5293224d0d1f5a0b4d1baafb?cid=4d3bffd173c84f21ab47981ba6cd15f8
204;10/07/2011;Mylène Farmer;Lonely Lisa;https://p.scdn.co/mp3-preview/010e07a3bd74f98a7350dd05c7ae81fd48678f8e?cid=4d3bffd173c84f21ab47981ba6cd15f8
205;02/10/2011,23/10/2011;Rihanna feat. Calvin Harris;We Found Love;https://p.scdn.co/mp3-preview/7897f405799aa8f7726a299b9dc5035b8da8d9a7?cid=4d3bffd173c84f21ab47981ba6cd15f8
206;16/10/2011,20/11/2011;Adele;Someone Like You;https://p.scdn.co/mp3-preview/a79d612cac9b64e900ae937234e2838a88ebc415?cid=4d3bffd173c84f21ab47981ba6cd15f8
207;11/12/2011,29/01/2012;Shakira;Je l'aime à mourir (La quiero a morir);https://p.scdn.co/mp3-preview/d15ee20022721324ac098e8fe160bf969c2cde20?cid=4d3bffd173c84f21ab47981ba6cd15f8
208;22/01/2012,05/02/2012;Michel Teló;Ai, Se eu te Pego;https://p.scdn.co/mp3-preview/16f53f4f442ae33aa6067cdc7055efef6739c12c?cid=4d3bffd173c84f21ab47981ba6cd15f8
209;03/06/2012;Gusttavo Lima;Balada;https://p.scdn.co/mp3-preview/32b2bf35c8824ac1165b49d85372e1a1b56a1bd5?cid=4d3bffd173c84f21ab47981ba6cd15f8
210;24/06/2012;Tacabro;Tacata';https://p.scdn.co/mp3-preview/879c90ccad33c98de4b65abfc5d8bb7ddbb39ee0?cid=4d3bffd173c84f21ab47981ba6cd15f8
211;04/11/2012,09/12/2012;Adele;Skyfall;https://p.scdn.co/mp3-preview/d5c38cc8a0f4b3e01a5a688497d6b0e89da5f1c8?cid=4d3bffd173c84f21ab47981ba6cd15f8
212;02/12/2012;Mylène Farmer;À l'ombre;https://p.scdn.co/mp3-preview/b4c6c498e9533b1ab51dd94b0592a62184eaed6f?cid=4d3bffd173c84f21ab47981ba6cd15f8
213;27/01/2013;Macklemore & Ryan Lewis feat. Wanz;Thrift Shop;https://p.scdn.co/mp3-preview/aa64e01779ed8b6d1362bd8bfc170c8a4fa85773?cid=4d3bffd173c84f21ab47981ba6cd15f8
214;24/03/2013;Maître Gims;J'me tire;https://p.scdn.co/mp3-preview/3539ef6647b2f4b846b1f76c59a0972ccb3547aa?cid=4d3bffd173c84f21ab47981ba6cd15f8
215;21/04/2013,07/07/2013;Daft Punk feat. Pharrell Williams &  Nile Rodgers;Get Lucky;https://p.scdn.co/mp3-preview/6de52dda0d37a0646987856c3b9f7da075d965b4?cid=4d3bffd173c84f21ab47981ba6cd15f8
216;25/08/2013;Avicii feat. Aloe Blacc;Wake Me Up!;https://p.scdn.co/mp3-preview/e2c8b8613d4f8483a427a2f065308ce38497f37a?cid=4d3bffd173c84f21ab47981ba6cd15f8
217;20/10/2013;Bakermat;Vandaag;https://p.scdn.co/mp3-preview/34cfef784e901804dc21cbab143b1b6a8a881e8e?cid=4d3bffd173c84f21ab47981ba6cd15f8
218;27/10/2013;Vitaa feat. Maître Gims;Game Over;https://p.scdn.co/mp3-preview/809ac3786bf23bab1c8701239c7a8599e05d46f4?cid=4d3bffd173c84f21ab47981ba6cd15f8
219;01/12/2013, 15/12/2013;Pharrell Williams;Happy;https://p.scdn.co/mp3-preview/5e0c8e5d899dea532d697fb20a851450e9614cfc?cid=4d3bffd173c84f21ab47981ba6cd15f8
220;08/12/2013;Bénabar & Patrick Bruel & Cali & Marina;Un arc-en-ciel;https://p.scdn.co/mp3-preview/e732f43ac93b192cb4007422baa9d971f0cba0a6?cid=4d3bffd173c84f21ab47981ba6cd15f8
221;11/05/2014;Milky Chance;Stolen Dance;https://p.scdn.co/mp3-preview/a5a49157caae8d8fbb5c82b70a6244a9ec828562?cid=4d3bffd173c84f21ab47981ba6cd15f8
222;08/06/2014;Black M;Sur ma route;https://p.scdn.co/mp3-preview/5b309537ef14454936b57f2aad17212bfa0f2d2a?cid=4d3bffd173c84f21ab47981ba6cd15f8
223;06/07/2014,02/11/2014;Sia;Chandelier;https://p.scdn.co/mp3-preview/fa13db3d66f6daf051e9a3996090f7740532b9e8?cid=4d3bffd173c84f21ab47981ba6cd15f8
224;13/07/2014,19/10/2014;Lilly Wood and the Prick & Robin Schulz;Prayer in C (Robin Schulz remix);https://p.scdn.co/mp3-preview/3861e0df7a3355a6daab1f5382f25aa0e3a52b66?cid=4d3bffd173c84f21ab47981ba6cd15f8
225;12/10/2014,16/11/2014;David Guetta feat. Sam Martin;Dangerous;https://p.scdn.co/mp3-preview/ccca4ab9f2382d3626c845d4334d34cbcb51bed2?cid=4d3bffd173c84f21ab47981ba6cd15f8
226;21/12/2014;Mark Ronson feat. Bruno Mars;Uptown Funk;https://p.scdn.co/mp3-preview/3074e956e6794c0eadea660b9cef671db6b27234?cid=4d3bffd173c84f21ab47981ba6cd15f8
227;22/03/2015,31/05/2015;OMI;Cheerleader (Felix Jaehn remix);https://p.scdn.co/mp3-preview/9ef1666d9a28af2e8e531754e1804c736a8e6cec?cid=4d3bffd173c84f21ab47981ba6cd15f8
228;14/06/2015;Feder feat. Lyse;Goodbye;https://p.scdn.co/mp3-preview/74718cc1631850a6407da35bd7a36e7e235f7a98?cid=4d3bffd173c84f21ab47981ba6cd15f8
229;26/07/2015;Kygo feat. Parson James;Stole the Show;https://p.scdn.co/mp3-preview/ea30221427cfb4e7abec1b6f752297f6f5ebba12?cid=4d3bffd173c84f21ab47981ba6cd15f8
230;02/08/2015;One Direction;Drag Me Down;https://p.scdn.co/mp3-preview/e7076008e9bccbf5c30ba62adb18a20040987f04?cid=4d3bffd173c84f21ab47981ba6cd15f8
231;09/08/2015,06/09/2015;Nicky Jam & Enrique Iglesias;El perdón;https://p.scdn.co/mp3-preview/9aab246764425357825f70418e2e37435ea9c846?cid=4d3bffd173c84f21ab47981ba6cd15f8
232;30/08/2015,11/10/2015;Mylène Farmer & Sting;Stolen Car;https://p.scdn.co/mp3-preview/4002e0b4a39c46543240ee7135b76d97e2478865?cid=4d3bffd173c84f21ab47981ba6cd15f8
233;18/10/2015;Charlie Puth feat. Meghan Trainor;Marvin Gaye;https://p.scdn.co/mp3-preview/7e19cab67f9f80913d0a1a01c5b987d33ec2c6a6?cid=4d3bffd173c84f21ab47981ba6cd15f8
234;25/10/2015;Adele;Hello;https://p.scdn.co/mp3-preview/27069a2e4ff7be549a241052b7e3233ac835e1f6?cid=4d3bffd173c84f21ab47981ba6cd15f8
235;14/01/2016;David Bowie;Space Oddity;https://p.scdn.co/mp3-preview/9240f576fa464f8e3fe38f1c83fd23cd4e516638?cid=4d3bffd173c84f21ab47981ba6cd15f8
236;28/01/2016;Renaud;Toujours debout;https://p.scdn.co/mp3-preview/b696970ac1fb67d3857cb6dd9e8c8d38b7d3a68b?cid=4d3bffd173c84f21ab47981ba6cd15f8
237;04/02/2016,25/02/2016;Rihanna feat. Drake;Work;https://p.scdn.co/mp3-preview/d3575ee3d96b3fd55ebfc9efe6de1192e6575d99?cid=4d3bffd173c84f21ab47981ba6cd15f8
238;18/02/2016;Jain;Come;https://p.scdn.co/mp3-preview/6d70eb679c08717102c68dedf01201071005a68a?cid=4d3bffd173c84f21ab47981ba6cd15f8
239;03/03/2016;Alan Walker feat. Iselin Solheim;Faded;https://p.scdn.co/mp3-preview/dd79198f4b4c43aef9c8e8e1c4708a402862dd0e?cid=4d3bffd173c84f21ab47981ba6cd15f8
240;31/03/2016;Mylène Farmer;City of Love;https://p.scdn.co/mp3-preview/3bbaeefe7d465827e056d7bb0f043315b108c9a5?cid=4d3bffd173c84f21ab47981ba6cd15f8
241;14/04/2016;Drake feat. Wizkid & Kyla;One Dance;https://p.scdn.co/mp3-preview/5a8e025c2a69bd5af494fd8b5772b429a76ca936?cid=4d3bffd173c84f21ab47981ba6cd15f8
242;28/04/2016;Prince & The Revolution;Purple Rain;https://p.scdn.co/mp3-preview/0f35470724b760a0d96d34e7be3fe8ddb6dcd6f4?cid=4d3bffd173c84f21ab47981ba6cd15f8
243;05/05/2016;Sia feat. Sean Paul;Cheap Thrills;https://p.scdn.co/mp3-preview/53e655b23ff45074ee11cae3c9f2ddb7d285d3e3?cid=4d3bffd173c84f21ab47981ba6cd15f8
244;19/05/2016,09/06/2016,30/06/2016,21/07/2016,04/08/2016,18/08/2016;Justin Timberlake;Can't Stop the Feeling!;https://p.scdn.co/mp3-preview/8f4eee79e9574c8db62ebbdbbb5f14d6f9ed5fba?cid=4d3bffd173c84f21ab47981ba6cd15f8
245;26/05/2016, 01/09/2016;Céline Dion;Encore un soir;https://p.scdn.co/mp3-preview/b5d2019f4f79874abc8babce614d306a69cefcae?cid=4d3bffd173c84f21ab47981ba6cd15f8
246;16/06/2016,14/07/2016;David Guetta feat. Zara Larsson;This One's for You;https://p.scdn.co/mp3-preview/921a8000e87b94b6c4a82f957ef862544cc79598?cid=4d3bffd173c84f21ab47981ba6cd15f8
247;22/09/2016,01/12/2016;LP;Lost on You;https://p.scdn.co/mp3-preview/d0db38cb72b8216988e3773302ce222de3359af1?cid=4d3bffd173c84f21ab47981ba6cd15f8
248;13/10/2016,24/11/2016;Bruno Mars;24K Magic;https://p.scdn.co/mp3-preview/3a76820d510fa5f84abb413e9d13815bcc86da0f?cid=4d3bffd173c84f21ab47981ba6cd15f8
249;20/10/2016;Julien Doré;Le Lac;https://p.scdn.co/mp3-preview/b1fd815e1c32457905adc14073ba56c30cc6e90f?cid=4d3bffd173c84f21ab47981ba6cd15f8
250;27/10/2016;Richard Orlinski & Eva Simons;Heartbeat;https://p.scdn.co/mp3-preview/189d6c46ae972d2826c93f04cee09cf121eb3838?cid=4d3bffd173c84f21ab47981ba6cd15f8
251;17/11/2016;Leonard Cohen;Hallelujah;https://p.scdn.co/mp3-preview/1bce7695bcd0ba243f4babb64f375a7f98eb7509?cid=4d3bffd173c84f21ab47981ba6cd15f8
252;13/01/2017;Ed Sheeran;Shape of You;https://p.scdn.co/mp3-preview/7339548839a263fd721d01eb3364a848cad16fa7?cid=4d3bffd173c84f21ab47981ba6cd15f8
253;16/06/2017;Indochine;La vie est belle;https://p.scdn.co/mp3-preview/b779649540916b8d94a354d4e2ae1b219692028c?cid=4d3bffd173c84f21ab47981ba6cd15f8
254;08/09/2017;Calvin Harris feat. Pharrell Williams & Katy Perry & Big Sean;Feels;https://p.scdn.co/mp3-preview/34a33c4a5bd5f815d329db8e1daf712c9dd9ffb1?cid=4d3bffd173c84f21ab47981ba6cd15f8
255;22/09/2017;Alice Merton;No Roots;https://p.scdn.co/mp3-preview/7a2b44ba28afe5075845c0eaf67b075fe415e569?cid=4d3bffd173c84f21ab47981ba6cd15f8
256;06/10/2017;Naughty Boy feat. Beyoncé & Arrow Benjamin;Runnin' (Lose It All);https://p.scdn.co/mp3-preview/957a1de47afb0b1005e950177b7714881daa2088?cid=4d3bffd173c84f21ab47981ba6cd15f8
257;13/10/2017;Kalash feat. Damso;Mwaka Moon;https://p.scdn.co/mp3-preview/b3d856e4e9e0025cbb9e1b5c1c83422c4121bf09?cid=4d3bffd173c84f21ab47981ba6cd15f8
258;20/10/2017,17/11/2017;Ofenbach vs Nick Waterhouse;Katchi;https://p.scdn.co/mp3-preview/0773e639f7102347bf010a5cbeba4322c93c28c7?cid=4d3bffd173c84f21ab47981ba6cd15f8
259;10/11/2017,24/11/2017,22/12/2017;Ed Sheeran;Perfect;https://p.scdn.co/mp3-preview/4e30857a3c7da3f8891483643e310bb233afadd2?cid=4d3bffd173c84f21ab47981ba6cd15f8
260;26/01/2018,27/04/2018;Mylène Farmer;Rolling Stone;https://p.scdn.co/mp3-preview/d04310c80dde8ded2ed6a6e565e1da26a51ac30b?cid=4d3bffd173c84f21ab47981ba6cd15f8
261;02/02/2018;Sena Kana;Truth or Dare;https://p.scdn.co/mp3-preview/dec0570a4cf21d53109e72ceacffb184b829103f?cid=4d3bffd173c84f21ab47981ba6cd15f8
262;16/02/2018;Indochine;Un été français;https://p.scdn.co/mp3-preview/40ab03c2606a7ebcd5f50c8daa0859c6e23cc212?cid=4d3bffd173c84f21ab47981ba6cd15f8
263;09/03/2018;Tom Walker;Leave a Light On;https://p.scdn.co/mp3-preview/5e4b3859b14373a8077a9c60e2d5b741cc594f17?cid=4d3bffd173c84f21ab47981ba6cd15f8
264;16/03/2018,04/05/2018;Maître Gims & Vianney;La Même;https://p.scdn.co/mp3-preview/8de5a96b53e018f279f2bfb5d02c4b58415714fe?cid=4d3bffd173c84f21ab47981ba6cd15f8
265;25/05/2018,06/07/2018,27/07/2018;Naestro feat. Maître Gims & Vitaa & Dadju & Slimane;Bella ciao;https://p.scdn.co/mp3-preview/e0336c96d0a91dd34ba74b734671b4130f3f7e59?cid=4d3bffd173c84f21ab47981ba6cd15f8
266;22/06/2018;Indochine;Station 13;https://p.scdn.co/mp3-preview/653722ccebdb93ad0414f070350bdc8392782e8d?cid=4d3bffd173c84f21ab47981ba6cd15f8
267;29/06/2018,17/08/2018;Mylène Farmer & LP;N'oublie pas;https://p.scdn.co/mp3-preview/992d3a3e5354b3259324c59da8f7d94dd112a5e3?cid=4d3bffd173c84f21ab47981ba6cd15f8
268;20/07/2018;Hermes House Band;I Will Survive (La la la);https://p.scdn.co/mp3-preview/fa45bec034144f1352cb62f67e680d223cd6befc?cid=4d3bffd173c84f21ab47981ba6cd15f8
269;31/08/2018;Jain;Alright;https://p.scdn.co/mp3-preview/c0abb208a38a8f47ef62f2728f0d06f332089b1b?cid=4d3bffd173c84f21ab47981ba6cd15f8
270;26/10/2018;Johnny Hallyday;J'en parlerai au diable;https://p.scdn.co/mp3-preview/3e8ac9bbd1bc595887754b50adcf5263bb16afe0?cid=4d3bffd173c84f21ab47981ba6cd15f8
271;21/12/2018;Redbone;Come and Get Your Love;https://p.scdn.co/mp3-preview/beb70a209af1e258ff3af3a01c92cc6a7295c7bb?cid=4d3bffd173c84f21ab47981ba6cd15f8
272;29/03/2019;PNL;Au DD;https://p.scdn.co/mp3-preview/0ccdcf921a809437947bf400f19e8cd08f80b37a?cid=4d3bffd173c84f21ab47981ba6cd15f8
273;10/05/2019;Mylène Farmer;Désobéissance;https://p.scdn.co/mp3-preview/dfee1049b70dc1b13b0800e9a0606e002028f79c?cid=4d3bffd173c84f21ab47981ba6cd15f8
274;17/05/2019;Ed Sheeran & Justin Bieber;I Don't Care;https://p.scdn.co/mp3-preview/03dbc7b6fcafda4f5c223036f0ca919f2b65da25?cid=4d3bffd173c84f21ab47981ba6cd15f8
275;07/06/2019;PNL;MOWGLI II;https://p.scdn.co/mp3-preview/e9da1a8392b7056a7d0c06ad3bdd691dc9cd29f5?cid=4d3bffd173c84f21ab47981ba6cd15f8
276;14/06/2019;Mylène Farmer;Des larmes;https://p.scdn.co/mp3-preview/838c710cad12e15432f55603ee49cb304d16b94b?cid=4d3bffd173c84f21ab47981ba6cd15f8
277;21/06/2019;Indochine;Karma Girls;https://p.scdn.co/mp3-preview/d71dd8aa744881333893746b407c2f700d35a215?cid=4d3bffd173c84f21ab47981ba6cd15f8
278;05/07/2019;Stardust;Music Sounds Better with You;https://p.scdn.co/mp3-preview/ad7af826d107e7a54ec75558e9191dc026747c11?cid=4d3bffd173c84f21ab47981ba6cd15f8
279;12/07/2019,02/08/2019;Lil Nas X;Old Town Road;https://p.scdn.co/mp3-preview/c9de05440773961287640cae5ee1fc128d74c11f?cid=4d3bffd173c84f21ab47981ba6cd15f8
280;13/09/2019;Tones and I;Dance Monkey;https://p.scdn.co/mp3-preview/d03d7e46e89547f5a1994483f27e221c8de1f5c5?cid=4d3bffd173c84f21ab47981ba6cd15f8
281;28/02/2020;BTS feat. Sia;On;https://p.scdn.co/mp3-preview/46f6ee672412ea663ddc9ff3836462c47e309ae0?cid=4d3bffd173c84f21ab47981ba6cd15f8
282;10/04/2020;Florent Pagny & Pascal Obispo & Marc Lavoine;Pour les gens du secours;https://p.scdn.co/mp3-preview/89751c56e5a10ac3c3a15cc8f04f21223bcbd0e9?cid=4d3bffd173c84f21ab47981ba6cd15f8
283;17/04/2020;Et demain ? Le Collectif;Et demain ?;https://p.scdn.co/mp3-preview/cfe4951100ee4c671dc5599a289acde2f8e46ef2?cid=4d3bffd173c84f21ab47981ba6cd15f8
284;24/04/2020;Christophe;Les mots bleus;https://p.scdn.co/mp3-preview/8a807604eee623bcee29919e90f4c720691ea244?cid=4d3bffd173c84f21ab47981ba6cd15f8
285;08/05/2020;Idir;A Vava Inouva;https://p.scdn.co/mp3-preview/ee0d7fba94ee66c4b81f0004b1cd8c259fa89a0e?cid=4d3bffd173c84f21ab47981ba6cd15f8
286;29/05/2020;Indochine;Nos célébrations;https://p.scdn.co/mp3-preview/90646b54dc6db4c4e280dfb26b7bbaa70e486e22?cid=4d3bffd173c84f21ab47981ba6cd15f8
287;17/07/2020,04/09/2020,23/10/2020,04/12/2020,01/01/2021;Master KG feat. Burna Boy & Nomcebo Zikode;Jerusalema (remix);https://p.scdn.co/mp3-preview/19e38ab3aac086b3b92758e6633b3820a7e358ba?cid=4d3bffd173c84f21ab47981ba6cd15f8
288;28/08/2020;BTS;Dynamite;https://p.scdn.co/mp3-preview/98e266fea9df84fa3e5ca84934c513211e89489b?cid=4d3bffd173c84f21ab47981ba6cd15f8
289;16/10/2020;Johnny Hallyday;Deux sortes d'hommes / Nashville Blues (Live);https://p.scdn.co/mp3-preview/fd1a09002996a28d154218cfc090d8046bcb3318?cid=4d3bffd173c84f21ab47981ba6cd15f8
290;27/11/2020;BTS;Life Goes On;https://p.scdn.co/mp3-preview/fd53b34cdf00c5cbee869e035a7438e699c016c7?cid=4d3bffd173c84f21ab47981ba6cd15f8
291;11/12/2020;Mylène Farmer;L'Âme dans l'eau;https://p.scdn.co/mp3-preview/2ae11ce246a51f470aeea71525b76f284b41a669?cid=4d3bffd173c84f21ab47981ba6cd15f8
292;25/12/2020,08/01/2021;Dua Lipa feat. Angèle;Fever;https://p.scdn.co/mp3-preview/8bc5e53c711b522a7009b3784263f17c75d1c0c8?cid=4d3bffd173c84f21ab47981ba6cd15f8
293;13/01/2017;Ed Sheeran;Shape of You;https://p.scdn.co/mp3-preview/7339548839a263fd721d01eb3364a848cad16fa7?cid=4d3bffd173c84f21ab47981ba6cd15f8
294;13/10/2017;Kalash feat. Damso;Mwaka Moon;https://p.scdn.co/mp3-preview/b3d856e4e9e0025cbb9e1b5c1c83422c4121bf09?cid=4d3bffd173c84f21ab47981ba6cd15f8
295;22/12/2017;Ed Sheeran;Perfect;https://p.scdn.co/mp3-preview/4e30857a3c7da3f8891483643e310bb233afadd2?cid=4d3bffd173c84f21ab47981ba6cd15f8
296;19/01/2018;Camila Cabello feat. Young Thug;Havana;https://p.scdn.co/mp3-preview/49653dbbec996f228cb6edc046d318cd5a249ee6?cid=4d3bffd173c84f21ab47981ba6cd15f8
297;23/03/2018,06/04/2018;Lartiste feat. Caroliina;Mafiosa;https://p.scdn.co/mp3-preview/2700a0f31286f2c52f8b0d8ede00272a8ea14721?cid=4d3bffd173c84f21ab47981ba6cd15f8
298;30/03/2018;Maître Gims & Vianney;La Même;https://p.scdn.co/mp3-preview/8de5a96b53e018f279f2bfb5d02c4b58415714fe?cid=4d3bffd173c84f21ab47981ba6cd15f8
299;11/05/2018;Aya Nakamura;Djadja;https://p.scdn.co/mp3-preview/730c682fe459a496867e5023c6a4447341aad502?cid=4d3bffd173c84f21ab47981ba6cd15f8
300;29/06/2018;PNL;À l'ammoniaque;https://p.scdn.co/mp3-preview/de6ce55cf7bf5b28550555f99c97bd78e4f40036?cid=4d3bffd173c84f21ab47981ba6cd15f8
301;20/07/2018;Jul;Toto et Ninetta;https://p.scdn.co/mp3-preview/dcc6f10fe86406dafdad6642d4447df319b13d86?cid=4d3bffd173c84f21ab47981ba6cd15f8
302;17/08/2018;PNL;91's;https://p.scdn.co/mp3-preview/8f1272ad62874b264b953041418f3ac2a43f10ba?cid=4d3bffd173c84f21ab47981ba6cd15f8
303;09/11/2018;Aya Nakamura;Copines;https://p.scdn.co/mp3-preview/65e4e90b1686702ef944ca8e0038ec126d92166d?cid=4d3bffd173c84f21ab47981ba6cd15f8
304;23/11/2018;Orelsan feat. Damso;Rêves bizarres;https://p.scdn.co/mp3-preview/d390b9e62c821f9ec4bc583543a39aef7439ca0d?cid=4d3bffd173c84f21ab47981ba6cd15f8
305;14/12/2018;Lomepal;Trop beau;https://p.scdn.co/mp3-preview/a71d82d8d59fe2f7945454e4c677318ab2149167?cid=4d3bffd173c84f21ab47981ba6cd15f8
306;28/12/2018;Mariah Carey;All I Want for Christmas Is You;https://p.scdn.co/mp3-preview/6b1557cd25d543940a3decd85a7bf2bc136c51f8?cid=4d3bffd173c84f21ab47981ba6cd15f8
307;25/01/2019;Eva feat. Lartiste;On Fleek;https://p.scdn.co/mp3-preview/396143fee661eae36d27122339556b7e7a42fd03?cid=4d3bffd173c84f21ab47981ba6cd15f8
308;08/02/2019;Heuss l'Enfoiré feat. Sofiane;Khapta;https://p.scdn.co/mp3-preview/ac02b4d69b7591a83bdad9e37ceb2cf5fe58f3cc?cid=4d3bffd173c84f21ab47981ba6cd15f8
309;01/03/2019;Ninho;Goutte d'eau;https://p.scdn.co/mp3-preview/9ac3e714a0c4bc8f1ac6c15780c6365a2e36aa69?cid=4d3bffd173c84f21ab47981ba6cd15f8
310;29/03/2019;PNL;Au DD;https://p.scdn.co/mp3-preview/0ccdcf921a809437947bf400f19e8cd08f80b37a?cid=4d3bffd173c84f21ab47981ba6cd15f8
311;31/05/2019,28/06/2019,09/08/2019;Lil Nas X;Old Town Road;https://p.scdn.co/mp3-preview/c9de05440773961287640cae5ee1fc128d74c11f?cid=4d3bffd173c84f21ab47981ba6cd15f8
312;16/08/2019;Moha La Squale;Ma belle;https://p.scdn.co/mp3-preview/a698a78ed007b62c29a83ea8625cd5b6c9133484?cid=4d3bffd173c84f21ab47981ba6cd15f8
313;20/09/2019;PLK;Un peu de haine;https://p.scdn.co/mp3-preview/7c994657e60b4d893784530e0bffeba258fe5c0f?cid=4d3bffd173c84f21ab47981ba6cd15f8
314;27/09/2019;Gambi;Hé oh;https://p.scdn.co/mp3-preview/f2850fee6d0da8b2df157f53844ea656981db1e6?cid=4d3bffd173c84f21ab47981ba6cd15f8
315;11/10/2019;Gambi;Popopop;https://p.scdn.co/mp3-preview/796d60e386f4eb4ecc4c2d8967a482f9468156f8?cid=4d3bffd173c84f21ab47981ba6cd15f8
316;15/11/2019;Tones and I;Dance Monkey;https://p.scdn.co/mp3-preview/d03d7e46e89547f5a1994483f27e221c8de1f5c5?cid=4d3bffd173c84f21ab47981ba6cd15f8
317;24/01/2020;Gambi feat. Heuss l'Enfoiré;Dans l'espace;https://p.scdn.co/mp3-preview/694929971787010786d99b2f0cc4b1d9a99f4835?cid=4d3bffd173c84f21ab47981ba6cd15f8
318;28/02/2020;Naps feat. Ninho;6.3;https://p.scdn.co/mp3-preview/afd7fb4c5ccef47c5c49542f8ba2b83559a6fb00?cid=4d3bffd173c84f21ab47981ba6cd15f8
319;13/03/2020;Ninho;Lettre à une femme;https://p.scdn.co/mp3-preview/bc463e6417cedb8dfa9563148d63cbb488f77132?cid=4d3bffd173c84f21ab47981ba6cd15f8
320;12/06/2020;Bosh;Djomb;https://p.scdn.co/mp3-preview/f2db653d2355c2b22bdf4e1847f35ef3a638cd64?cid=4d3bffd173c84f21ab47981ba6cd15f8
321;24/07/2020;Aya Nakamura;Jolie Nana;https://p.scdn.co/mp3-preview/e4ba638dc74b180303592ac07950018d31bdd3cc?cid=4d3bffd173c84f21ab47981ba6cd15f8
322;21/08/2020;SCH & Kofs & Jul & Naps & Soso Maness & Elams & Solda & Houari;Bande organisée;https://p.scdn.co/mp3-preview/4b1d6d052cab6d0957b9fa4e29b438795f94ddc4?cid=4d3bffd173c84f21ab47981ba6cd15f8
323;20/11/2020;Aya Nakamura feat. Stormzy;Plus jamais;https://p.scdn.co/mp3-preview/acbce7d73a590fdc7afc9d64fc78e7af8b081a1f?cid=4d3bffd173c84f21ab47981ba6cd15f8
324;27/11/2020;Zola feat. SCH;9 1 1 3;https://p.scdn.co/mp3-preview/36996c598ae047d456aab1129789a5173176b816?cid=4d3bffd173c84f21ab47981ba6cd15f8
325;11/12/2020,08/01/2021,19/02/2021;Dua Lipa feat. Angèle;Fever;https://p.scdn.co/mp3-preview/8bc5e53c711b522a7009b3784263f17c75d1c0c8?cid=4d3bffd173c84f21ab47981ba6cd15f8
326;18/12/2020;Jul & SCH;Mother fuck;https://p.scdn.co/mp3-preview/6f84771a1636ff52b401b30a4e6f7834c2a7fdae?cid=4d3bffd173c84f21ab47981ba6cd15f8
327;12/02/2021;SCH;Marché noir;https://p.scdn.co/mp3-preview/d4e4b74ee78845752b670d9b274b15c653eacad7?cid=4d3bffd173c84f21ab47981ba6cd15f8
328;05/03/2021;Tayc;Le Temps;https://p.scdn.co/mp3-preview/7e7f2cc3f8d1b2e90389c6036bfef1337930ad80?cid=4d3bffd173c84f21ab47981ba6cd15f8
329;26/03/2021;SCH feat. Freeze Corleone;Mannschaft;https://p.scdn.co/mp3-preview/032e60abd6d510e53795834405ec02948fea881e?cid=4d3bffd173c84f21ab47981ba6cd15f8
330;02/04/2021;Moha K;Vroum Vroum;https://p.scdn.co/mp3-preview/d4023ac74d566c43b6497e5f21538aad6e21f7a2?cid=4d3bffd173c84f21ab47981ba6cd15f8
331;09/04/2021;Lil Nas X;Montero (Call Me by Your Name);https://p.scdn.co/mp3-preview/6d0edb4a3a0061ad162b279081c3f573e9d0dd40?cid=4d3bffd173c84f21ab47981ba6cd15f8
332;30/04/2021,14/05/2021,23/07/2021;Naps;La Kiffance;https://p.scdn.co/mp3-preview/a9150f42a785368c73bf64e47258ffe69981e67c?cid=4d3bffd173c84f21ab47981ba6cd15f8
333;11/06/2021;Soso Maness;Petrouchka;https://p.scdn.co/mp3-preview/b5b0ea9464197ca4200d0c5ebebb69e50d28a700?cid=4d3bffd173c84f21ab47981ba6cd15f8
334;27/08/2021;Oboy;TDB;https://p.scdn.co/mp3-preview/a9c1fe3a5ff0c95d872f2d3d75c9ebc9d9f43164?cid=4d3bffd173c84f21ab47981ba6cd15f8
335;18/06/2005;Crazy Frog;Axel F;https://p.scdn.co/mp3-preview/e674a4d68ae68fa48b5a6b9eb22d000e7cb2df84?cid=4d3bffd173c84f21ab47981ba6cd15f8
336;16/07/2005;James Blunt;You're Beautiful;https://p.scdn.co/mp3-preview/98c6db960673dd8b3ea13eb082ae6c25679600ce?cid=4d3bffd173c84f21ab47981ba6cd15f8
337;10/09/2005;DHT feat. Edmée;Listen to Your Heart;https://p.scdn.co/mp3-preview/be60774c9b89696983b6fc022a612b345f5d05cb?cid=4d3bffd173c84f21ab47981ba6cd15f8
338;24/09/2005;Raphael;Caravane;https://p.scdn.co/mp3-preview/aba5c56f655fba038d10dd6823e631260f8f2af4?cid=4d3bffd173c84f21ab47981ba6cd15f8
339;01/10/2005;Crazy Frog;Popcorn;https://p.scdn.co/mp3-preview/39bf725adf7ee8536c1ce5f55be3c14dea581b18?cid=4d3bffd173c84f21ab47981ba6cd15f8
340;08/10/2005;Bob Sinclar feat. Gary Pine;Love Generation;https://p.scdn.co/mp3-preview/e2cb227b9d66ab83ef98012a536b33f0abff289d?cid=4d3bffd173c84f21ab47981ba6cd15f8
341;29/10/2005;Madonna;Hung Up;https://p.scdn.co/mp3-preview/dffaf6d378f42c2ec6311d17fadc5fc26eb84bf8?cid=4d3bffd173c84f21ab47981ba6cd15f8
342;01/04/2006;Les Enfoirés;Le Temps qui court;https://p.scdn.co/mp3-preview/9eccb8581723d1e466a68be14f84ae301f44b2d8?cid=4d3bffd173c84f21ab47981ba6cd15f8
343;29/04/2006;Shakira feat. Wyclef Jean;Hips Don't Lie;https://p.scdn.co/mp3-preview/374b492571c9ba59c2c4b455ab79ee7501adab93?cid=4d3bffd173c84f21ab47981ba6cd15f8
344;24/06/2006,19/09/2006;Gnarls Barkley;Crazy;https://p.scdn.co/mp3-preview/3d23901a1b268fa45dd67e663376cec97ff8c9b2?cid=4d3bffd173c84f21ab47981ba6cd15f8
345;26/08/2006,23/09/2006;Bob Sinclar & Cutee B feat. Dollarman & Big Ali & Makedah;Rock This Party (Everybody Dance Now);https://p.scdn.co/mp3-preview/d29e2e739899dcd7ccecdf08a46d79f3abd09e1b?cid=4d3bffd173c84f21ab47981ba6cd15f8
346;30/09/2006;Moby & Mylène Farmer;Slipping Away (Crier la vie);https://p.scdn.co/mp3-preview/251f0ed39ec7e05cbb01737f0526378ca5acd31c?cid=4d3bffd173c84f21ab47981ba6cd15f8
347;28/10/2006;Cascada;Everytime We Touch;https://p.scdn.co/mp3-preview/5c620922d3b2422a7143f75d5d143a48ab2910b7?cid=4d3bffd173c84f21ab47981ba6cd15f8
348;18/11/2006;Fatal Bazooka;Fous ta cagoule;https://p.scdn.co/mp3-preview/430402fb22fd6d348c3bb17024356b757b5caa74?cid=4d3bffd173c84f21ab47981ba6cd15f8
349;10/02/2007;Fatal Bazooka feat. Vitoo;Mauvaise foi nocturne (La réponse);https://p.scdn.co/mp3-preview/e89fce8b030e245a0a934bfd38e192304c9d0711?cid=4d3bffd173c84f21ab47981ba6cd15f8
350;21/04/2007,02/06/2007,14/07/2007;Christophe Willem;Double je;https://p.scdn.co/mp3-preview/2e58debbb57f7c35a545cd7ddba98e38d14d40f3?cid=4d3bffd173c84f21ab47981ba6cd15f8
351;18/08/2007;Julien Doré;Moi... Lolita;https://p.scdn.co/mp3-preview/1fc2f6cefcddd6c85bbc42b0ba2a2e77201b80f1?cid=4d3bffd173c84f21ab47981ba6cd15f8
352;15/12/2007;Yael Naim;New Soul;https://p.scdn.co/mp3-preview/3300612c1b50b9e9200ec986c89bbcf37582068b?cid=4d3bffd173c84f21ab47981ba6cd15f8
353;22/03/2008;Jeff Buckley;Hallelujah;https://p.scdn.co/mp3-preview/b2267deb319eac11b93d8544ae7c714c16ca1959?cid=4d3bffd173c84f21ab47981ba6cd15f8
354;29/03/2008,19/04/2008;Madonna & Justin Timberlake feat. Timbaland;4 Minutes;https://p.scdn.co/mp3-preview/57e975c1cc003797ed03390474ce9e345e20e031?cid=4d3bffd173c84f21ab47981ba6cd15f8
355;17/05/2008,28/06/2008,12/07/2008;Estelle feat. Kanye West;American Boy;https://p.scdn.co/mp3-preview/39f6832084db2b99a4145bae818f918e6531d067?cid=4d3bffd173c84f21ab47981ba6cd15f8
356;21/06/2008;Mylène Farmer;Dégénération;https://p.scdn.co/mp3-preview/b5bf1fdbe822b14231788b917f69379c91fd6312?cid=4d3bffd173c84f21ab47981ba6cd15f8
357;05/07/2008;Quentin Mosimann;Cherchez le garçon;https://p.scdn.co/mp3-preview/bee5cf8e6a89f53c216c85ede32843e76dd1787b?cid=4d3bffd173c84f21ab47981ba6cd15f8
358;09/08/2008,23/08/2008,04/10/2008;Madcon;Beggin';https://p.scdn.co/mp3-preview/6df5d88c2f3f69314e8f38a5e5a68d4636fce118?cid=4d3bffd173c84f21ab47981ba6cd15f8
359;27/09/2008,25/10/2008;Grégoire;Toi + Moi;https://p.scdn.co/mp3-preview/a2ac6508fab2fab30b6784bbb21aed57b40fd442?cid=4d3bffd173c84f21ab47981ba6cd15f8
360;18/10/2008;Guru Josh Project;Infinity 2008 (Klaas remix);https://p.scdn.co/mp3-preview/a449f9c959fae57299605586a448a206a0efdb68?cid=4d3bffd173c84f21ab47981ba6cd15f8
361;29/11/2008;Britney Spears;Womanizer;https://p.scdn.co/mp3-preview/b6b0fb78b1205317fc8170a1ba6040f5cc57ec85?cid=4d3bffd173c84f21ab47981ba6cd15f8
362;27/12/2008;Jason Mraz;I'm Yours;https://p.scdn.co/mp3-preview/0952568e496914bb61383588ac417ec70abefc1d?cid=4d3bffd173c84f21ab47981ba6cd15f8
363;18/01/2009;Mikelangelo Loconte;Tatoue-moi;https://p.scdn.co/mp3-preview/ee16df6ee9d0fae585b275eb1786da2d66bc6b31?cid=4d3bffd173c84f21ab47981ba6cd15f8
364;01/03/2009;Pep's;Liberta;https://p.scdn.co/mp3-preview/df84503f66ee8fdf9d6c58d353df14869613c671?cid=4d3bffd173c84f21ab47981ba6cd15f8
365;08/03/2009;Les Enfoirés;Ici les Enfoirés;https://p.scdn.co/mp3-preview/93b14bf2aa0f19f49faa48e4bfe04b5fb6bfc105?cid=4d3bffd173c84f21ab47981ba6cd15f8
366;05/04/2009;Helmut Fritz;Ça m'énerve;https://p.scdn.co/mp3-preview/c65c638d2181d691852a38db9fed1435d062dad1?cid=4d3bffd173c84f21ab47981ba6cd15f8
367;28/06/2009;Michael Jackson;Billie Jean;https://p.scdn.co/mp3-preview/0f6b8a3524ec410020457da4cdd7717f9addce2f?cid=4d3bffd173c84f21ab47981ba6cd15f8
368;12/07/2009;Pitbull;I Know You Want Me (Calle Ocho);https://p.scdn.co/mp3-preview/795616a1bb69dee8d4b3a3c66860f807ef76069f?cid=4d3bffd173c84f21ab47981ba6cd15f8
369;09/08/2009;Tom Frager & Gwayav';Lady Melody;https://p.scdn.co/mp3-preview/4b960804e62b55c6fa0644fb1d690033aa12e5bb?cid=4d3bffd173c84f21ab47981ba6cd15f8
370;23/08/2009;David Guetta feat. Akon;Sexy Bitch;https://p.scdn.co/mp3-preview/f11a157b92dc1379052822e88e75f5f5d5b248a9?cid=4d3bffd173c84f21ab47981ba6cd15f8
371;22/11/2009;Edward Maya & Vika Jigulina;Stereo Love;https://p.scdn.co/mp3-preview/f698c2ab6ec2a962a5485189bb307a6512dfe41f?cid=4d3bffd173c84f21ab47981ba6cd15f8
372;17/01/2009;Ke$ha;Tik Tok;https://p.scdn.co/mp3-preview/ea95bec21bd6c4979cc91f5d5528b533d879905c?cid=4d3bffd173c84f21ab47981ba6cd15f8
373;18/04/2010,02/05/2010;Sexion d'assaut;Désolé;https://p.scdn.co/mp3-preview/b1cfea36f84610de4293113d858b479dfc2801e2?cid=4d3bffd173c84f21ab47981ba6cd15f8
374;20/06/2010,29/08/2010,26/09/2010;Shakira feat. Freshlyground;Waka Waka (This Time for Africa);https://p.scdn.co/mp3-preview/4d583a07a0ae880aed54efdda211d0440d445c0d?cid=4d3bffd173c84f21ab47981ba6cd15f8
375;15/08/2010;René la Taupe;Mignon, Mignon;https://p.scdn.co/mp3-preview/93f7274b1f75d3c2fa427b5c8b8bd617576aa4da?cid=4d3bffd173c84f21ab47981ba6cd15f8
376;05/09/2010;Yolanda Be Cool & DCUP;We No Speak Americano;https://p.scdn.co/mp3-preview/fa80611fb800a15777628774d3551da8eaaac00f?cid=4d3bffd173c84f21ab47981ba6cd15f8
377;17/10/2010;Mylène Farmer;Oui mais... non;https://p.scdn.co/mp3-preview/6df6997fa8b3bed06e1f219cf9852eb7721c5201?cid=4d3bffd173c84f21ab47981ba6cd15f8
378;24/10/2010;Shakira feat. Dizzee Rascal / El Cata;Loca;https://p.scdn.co/mp3-preview/dd35a78fbf91334612763ce6747fa890b7cb94fd?cid=4d3bffd173c84f21ab47981ba6cd15f8
379;09/01/2011;Israel Kamakawiwoʻole;Over the Rainbow;https://p.scdn.co/mp3-preview/2b0ebc854ece09122c1918aeff6af258493defe9?cid=4d3bffd173c84f21ab47981ba6cd15f8
380;07/09/2014;Lilly Wood and the Prick & Robin Schulz;Prayer in C (Robin Schulz remix);https://p.scdn.co/mp3-preview/3861e0df7a3355a6daab1f5382f25aa0e3a52b66?cid=4d3bffd173c84f21ab47981ba6cd15f8
381;16/11/2014;David Guetta feat. Sam Martin;Dangerous;https://p.scdn.co/mp3-preview/ccca4ab9f2382d3626c845d4334d34cbcb51bed2?cid=4d3bffd173c84f21ab47981ba6cd15f8
382;04/01/2015;Mark Ronson feat. Bruno Mars;Uptown Funk;https://p.scdn.co/mp3-preview/3074e956e6794c0eadea660b9cef671db6b27234?cid=4d3bffd173c84f21ab47981ba6cd15f8
383;29/03/2015;OMI;Cheerleader (Felix Jaehn remix);https://p.scdn.co/mp3-preview/9ef1666d9a28af2e8e531754e1804c736a8e6cec?cid=4d3bffd173c84f21ab47981ba6cd15f8
384;12/04/2015;Major Lazer & DJ Snake feat. MØ;Lean On;https://p.scdn.co/mp3-preview/039c2c517a8efc31d328810505683c977def6f17?cid=4d3bffd173c84f21ab47981ba6cd15f8
385;30/08/2015;Nicky Jam & Enrique Iglesias;El perdón;https://p.scdn.co/mp3-preview/9aab246764425357825f70418e2e37435ea9c846?cid=4d3bffd173c84f21ab47981ba6cd15f8
386;25/10/2015,08/11/2015,20/12/2015;Maître Gims feat. Niska;Sapés comme jamais;https://p.scdn.co/mp3-preview/d8328b85a6d742894c63a0c1181dbbabedc59bb0?cid=4d3bffd173c84f21ab47981ba6cd15f8
387;01/11/2015;Adele;Hello;https://p.scdn.co/mp3-preview/27069a2e4ff7be549a241052b7e3233ac835e1f6?cid=4d3bffd173c84f21ab47981ba6cd15f8
388;06/12/2015;Jul;En Y;https://p.scdn.co/mp3-preview/3f9d1181a834801549e8f979a858a3907878111a?cid=4d3bffd173c84f21ab47981ba6cd15f8
389;13/12/2015,08/01/2016;Jul;Amnésia;https://p.scdn.co/mp3-preview/47a2058880a9da52445397a3265015868b0f3cdc?cid=4d3bffd173c84f21ab47981ba6cd15f8
390;29/01/2016;Yall feat. Gabriela Richardson;Hundred Miles;https://p.scdn.co/mp3-preview/f209bb6586c166495f8ca057f46f81441331f66f?cid=4d3bffd173c84f21ab47981ba6cd15f8
391;19/02/2016;Rihanna feat. Drake;Work;https://p.scdn.co/mp3-preview/d3575ee3d96b3fd55ebfc9efe6de1192e6575d99?cid=4d3bffd173c84f21ab47981ba6cd15f8
392;18/03/2016;Alan Walker feat. Iselin Solheim;Faded;https://p.scdn.co/mp3-preview/dd79198f4b4c43aef9c8e8e1c4708a402862dd0e?cid=4d3bffd173c84f21ab47981ba6cd15f8
393;22/04/2016;Sia feat. Sean Paul;Cheap Thrills;https://p.scdn.co/mp3-preview/53e655b23ff45074ee11cae3c9f2ddb7d285d3e3?cid=4d3bffd173c84f21ab47981ba6cd15f8
394;29/04/2016;Drake feat. Wizkid & Kyla;One Dance;https://p.scdn.co/mp3-preview/5a8e025c2a69bd5af494fd8b5772b429a76ca936?cid=4d3bffd173c84f21ab47981ba6cd15f8
395;23/09/2016;PNL;Naha;https://p.scdn.co/mp3-preview/1daf7f1807a72a961ea3ff0b78dfaa959d7d9755?cid=4d3bffd173c84f21ab47981ba6cd15f8
396;30/09/2016;Jul;Tchikita;https://p.scdn.co/mp3-preview/5f77d86fcfaf4ce8a8b5c316a8b5914bfb1bc03b?cid=4d3bffd173c84f21ab47981ba6cd15f8
397;18/11/2016;PNL;Onizuka;https://p.scdn.co/mp3-preview/f2f0071d19e91cf9176dc94c31a2545fa589077b?cid=4d3bffd173c84f21ab47981ba6cd15f8
